{"cameraMode":{"drawMode":0,"name":"Shaded","section":"Shading Mode"},"sceneLighting":true,"audioPlay":false,"sceneViewState":{"m_AlwaysRefresh":false,"showFog":true,"showSkybox":true,"showFlares":true,"showImageEffects":true,"showParticleSystems":true,"showVisualEffectGraphs":true,"m_FxEnabled":true},"in2DMode":false,"pivot":{"x":160.833740234375,"y":287.70697021484377,"z":201.156494140625},"rotation":{"x":-0.034779153764247897,"y":0.03838424012064934,"z":-0.0013368538348004222,"w":-0.9987059831619263},"size":325.2615966796875,"orthographic":true}