{"cameraMode":{"drawMode":0,"name":"Shaded","section":"Shading Mode"},"sceneLighting":true,"audioPlay":false,"sceneViewState":{"m_AlwaysRefresh":false,"showFog":true,"showSkybox":true,"showFlares":true,"showImageEffects":true,"showParticleSystems":true,"showVisualEffectGraphs":true,"m_FxEnabled":true},"in2DMode":false,"pivot":{"x":186.34625244140626,"y":223.2406768798828,"z":243.85791015625},"rotation":{"x":0.011670186184346676,"y":0.05788128823041916,"z":0.0006893149693496525,"w":-0.9983118176460266},"size":454.6777648925781,"orthographic":true}